{"cameraMode":{"drawMode":0,"name":"Shaded","section":"Shading Mode"},"sceneLighting":true,"audioPlay":false,"sceneViewState":{"m_AlwaysRefresh":false,"showFog":true,"showSkybox":true,"showFlares":true,"showImageEffects":true,"showParticleSystems":true,"showVisualEffectGraphs":true,"m_FxEnabled":true},"in2DMode":false,"pivot":{"x":-14.1033935546875,"y":-0.8195438385009766,"z":21.113624572753908},"rotation":{"x":-0.10615352541208267,"y":0.44179585576057436,"z":-0.052735622972249988,"w":-0.8892560601234436},"size":34.23893356323242,"orthographic":false}